1,912102317607647754,大连信诚工程造价咨询事务所有限公司,李军晖,辽宁省,001706140148054323,
2,91210700774646489L,锦州渤海工程造价咨询有限责任公司,徐久良,辽宁省,001712280040095396,
3,,辽宁京电工程技术造价咨询服务有限公司,薄家宁,辽宁省,001712280040095394,
4,9121010266250112XR,辽宁丰泽工程造价咨询有限公司,张秋实,辽宁省,001712280040095393,
5,91211200744313907A,辽宁天启工程造价咨询事务所有限责任公司,赵桂珍,辽宁省,001712280040095392,
6,91210103793187142D,辽宁兴宏造价咨询有限公司,李忠楼,辽宁省,001712280040095391,
7,912101127555258099,辽宁中审新世纪工程造价咨询有限公司,于君廷,辽宁省,001712280040095390,
8,91210504064070809D,本溪泛华工程造价咨询有限公司,牟明林,辽宁省,001801030039096731,
9,91210000817561582T,中国建设银行股份有限公司辽宁省分行,杨铁军,辽宁省,001706140149055376,
10,912101021176814954,沈阳铝镁设计研究院有限公司,刘敬,辽宁省,001706140148053645,
11,912101030791320219,辽宁中达工程造价咨询有限公司,吕胜利,辽宁省,001801030037096668,
12,91210244751585812T,大连万隆天信工程造价咨询事务所有限公司,王永强,辽宁省,001801030037096684,
13,9121010576007976XD,辽宁金开工程造价咨询有限公司,王居福,辽宁省,001706140149054765,
14,9121020374436531XH,辽宁连信工程造价咨询有限公司,文继光,辽宁省,001706140147052701,
15,,沈阳计华工程造价咨询事务所有限责任公司,宁经洧,辽宁省,001706140149055064,
17,91110107102702927U,北京爱思济业平工程咨询有限公司,于冲,北京市,001706140148053438,
18,,北京市建筑设计研究院有限公司,朱小地,北京市,001706140148053439,
19,,北京华天银河工程造价咨询有限公司,柳青云,北京市,001706140148053440,
20,,北京中新国地工程造价咨询有限公司,叶林峰,北京市,001706140148053441,
21,91110108771990575B,中大信(北京)工程造价咨询有限公司,赵伟,北京市,001706140148053442,
22,913207067961399202,江苏新时代工程项目管理有限公司,马侠,江苏省,001706140148053443,
23,91350000754985213X,福建省闽咨造价咨询有限公司,陈群洲,福建省,001706140148053445,
24,91510000633150623W,四川华通建设工程造价管理有限责任公司,钟建伟,四川省,001706140148053446,
25,914501007852383768,海之特工程管理有限公司,许丽宁,广西壮族自治区,001706140148053447,
28,91530100738074380A,昆明建业工程造价咨询有限公司,陈波,云南省,001706140148053561,
29,91440106741873191B,广州市永隆工程造价咨询事务所有限公司,蔡家伟,广东省,001706140148053562,
30,913200007705099893,江苏信永中和工程管理有限公司,陈宏青,江苏省,001706140148053563,
31,91510000742299734G,四川正信建设工程造价事务所有限公司,左佳琼,四川省,001706140148053564,
32,91110105788966483N,北京立信工程造价咨询有限责任公司,庄小明,北京市,001706140148053565,
33,9111010878895970X9,中京华（北京）工程咨询有限公司,周沫佟,北京市,001706140148053566,
34,,广东华禹工程咨询有限公司,陈益,广东省,001706140148053567,
35,,上海市政工程造价咨询有限公司,徐凤华,浙江省,001706140148053568,
36,,北京恒成百利工程项目管理有限公司,张悦平,北京市,001706140148053569,
37,913201047904126079,江苏省鼎诚建设工程顾问有限公司,刘忠,江苏省,001706140148053570,
38,91320114053268318K,江苏国开投项目管理有限公司,孙静,江苏省,001706140148053571,
39,,陕西华西工程造价咨询有限公司,崔天钧,陕西省,001706140148053572,
40,91610000727372526C,陕西恒瑞项目管理有限公司,毛荣,陕西省,001706140148053573,
41,91430111738970994B,湖南恒立工程项目管理有限公司,陈奉明,湖南省,001706140148053574,
43,91320106748203553T,江苏金永诚建设投资管理咨询有限公司,刘同伯,江苏省,001706140148053577,
44,,湖南中正工程建设咨询有限公司,陈卓杰,湖南省,001706140148053578,
45,91110105740002589J,北京君益致同工程项目管理有限公司,刘惠楠,北京市,001706140148053579,
46,,江苏华瑞苏盛建设咨询房地产评估有限公司,许健,江苏省,001706140148053580,
47,91430102712102224M,湖南广大天平工程项目管理有限公司,罗啸岳,湖南省,001706140148053581,
48,,江苏中衡工程项目管理咨询有限公司,陈国平,江苏省,001706140148053582,
49,91320000750509965G,江苏金陵工程管理咨询有限公司,高辉,江苏省,001706140148053583,
50,91110101796744856C,北京中润达工程咨询有限公司,魏召迪,北京市,001706140148053584,
51,91110105733456152H,北京首建嘉富衡工程造价咨询有限公司,陈向维,北京市,001706140148053586,
52,911101057934293160,北京华证鑫诚工程造价咨询有限公司,解海鑫,北京市,001706140148053587,
53,911100001000000916,中国石油工程建设有限公司,侯浩杰,北京市,001706140148054015,
54,91110000101726636L,中国寰球工程有限公司,王新革,北京市,001706140148054016,
55,,中铁一局集团有限公司,张为和,陕西省,001706140148054017,
56,,中油辽河工程有限公司,李志杰,辽宁省,001706140148054021,
57,,大庆油田工程有限公司,高飞,黑龙江省,001706140148054022,
58,,山西泰博工程造价咨询事务所有限责任公司,李福民,山西省,001706140148054023,
59,91610000224338828L,中铁第一勘察设计院集团有限公司,刘为民,陕西省,001706140148054024,
60,,湖北诚康未来工程咨询有限公司,欧阳新齐,湖北省,001706140148054025,
61,,内蒙古铁道勘察设计院有限公司,王晨生,内蒙古自治区,001706140148054026,
63,915101007302071266,中铁二院工程集团有限责任公司,赵德义,四川省,001706140148054028,
64,,中广电广播电影电视设计研究院,许家奇,北京市,001706140148054029,
65,,中国电子产业开发有限公司,王小平,北京市,001706140148054030,
66,,成都正信石油天然气工程造价咨询有限公司,翁波,四川省,001706140148054031,
67,,浙江江南正信工程造价咨询有限公司,李建军,浙江省,001706140148054032,
69,,西安长庆科技工程有限责任公司,李时宣,陕西省,001706140148054034,
70,,山东华宇工程造价咨询有限公司,梁东,山东省,001706140148054035,
71,,珠海华泰工程项目管理有限公司,林俊程,广东省,001706140148054036,
72,,重庆锐新工程造价咨询有限公司,袁涛,重庆市,001706140148054037,
73,,长沙信达工程管理有限公司,陶美玲,湖南省,001706140148054038,
74,,新疆邦利工程项目管理咨询有限公司,李向红,新疆维吾尔自治区,001706140148054039,
75,914312007506300795,湖南德信项目管理有限公司,刘卫东,湖南省,001706140148054040,
76,91430111768048212N,湖南睿哲工程项目管理有限公司,黄威,湖南省,001706140148054041,
77,91430111572226566N,湖南楚瑞工程咨询有限公司,丁晓静,湖南省,001706140148054042,
78,915101005535816775,四川君源工程管理有限公司,李莹,四川省,001706140148054191,
79,,遵义中审会计师事务所,罗小平,贵州省,001706140148054192,
80,,江苏中博工程造价咨询有限公司,仲立,江苏省,001706140148054193,
81,,北京世博嘉信工程咨询有限公司,韩忠会,北京市,001706140148054194,
82,,江苏宁信工程项目咨询管理有限公司,蒋永梅,江苏省,001706140148054195,
83,,大连大禹工程造价咨询有限公司,葛金良,辽宁省,001706140148054196,
84,91330109673955020L,浙江华域高宇项目管理有限公司,高强,浙江省,001706140148054198,
85,916100007799486031,陕西瑞琪工程咨询有限公司,阎水婷,陕西省,001706140148054199,
86,9161000075523899X5,陕西鑫诚建设工程招标代理有限公司,王伯用,陕西省,001706140148054200,
87,913506007775084795,福建晏圣工程管理有限公司,陈明辉,福建省,001706140148054201,
88,915105217469129705,圣弘建设股份有限公司,郭彬,四川省,001706140148054202,
89,91440104712473383L,广州恒诺造价师事务所有限公司,孙成,广东省,001706140148054203,
90,91510108558961505F,成都宏达工程项目管理有限公司,陈建梅,四川省,001706140148054204,
92,,沈阳中远通工程咨询有限公司,刘智远,辽宁省,001706140148054139,
93,,中冶焦耐(大连)工程技术有限公司,于振东,辽宁省,001706140148053678,
94,91210106671973815T,辽宁宏远成工程造价咨询有限公司,付广生,辽宁省,001706140150055513,
95,,中煤科工集团沈阳设计研究院有限公司,马培忠,辽宁省,001706140148054125,
96,,中冶北方(大连)工程技术有限公司,董涛,辽宁省,001706140148053646,
97,9121020277728708XD,大连建工工程造价咨询有限公司,孙美英,辽宁省,001706140147052265,
98,91210103742724606W,沈阳华盛工程造价咨询事务所有限公司,胡晓华,辽宁省,001706140147052261,
99,91210300791591328J,鞍钢集团工程技术有限公司,冯占立,辽宁省,001706140148053731,
100,,沈阳建联工程咨询有限公司,吴康全,辽宁省,001706140150055501,
101,91210804701666462A,辽宁金标造价咨询事务所有限公司,赵维丽,辽宁省,001706140149055067,
102,91210213243126425H,大连恒基建设工程咨询有限公司,夏云生,辽宁省,001706140149055063,
103,,沈阳中建东北工程咨询有限公司,冯晓明,辽宁省,001706140148053634,
105,912101027931810079,辽宁义博信工程造价咨询管理有限公司,潘义,辽宁省,001706140150055478,
106,912102447772809535,辽宁杰威工程造价咨询有限责任公司,夏杰,辽宁省,001706140150055473,
107,,大连昱明工程造价咨询事务所有限公司,王玉明,辽宁省,001706140150055465,
110,91320106721758145H,南京天达工程造价事务所有限公司,韦震,江苏省,001707290038065720,
111,9132090278025246XC,盐城市宏天工程咨询有限公司,郑加宏,江苏省,001706140147052253,
112,913205947820577564,苏州立诚建设管理咨询有限公司,褚衍平,江苏省,001706140147052152,
113,91320592758984875K,张家港保税区宏宇建设咨询有限公司,杨梅玉,江苏省,001708240037071031,
114,91320681741300270H,江苏本源工程项目管理有限公司,沈静超,江苏省,001801040040097128,
115,91320700772465393Y,江苏鼎新工程咨询有限公司,陶明双,江苏省,001801040040097123,
116,91321202063273567U,江苏华为项目管理有限公司,马海兰,江苏省,001801040040097098,
117,91320507714090722Y,江苏正大建设项目管理有限公司,顾正江,江苏省,001706140149055217,
118,9132058272902463X9,江苏金港建设项目投资咨询有限公司,赵苹,江苏省,001706140148053542,
119,91320507774696371H,苏州鸿鑫工程咨询有限公司,吕瑞峰,江苏省,001706140147053005,
120,913204117206641636,江苏三维项目管理有限公司,顾苏东,江苏省,001801030037096677,
121,9132091374818281XR,盐城兴诚工程造价咨询事务所有限公司,夏兴民,江苏省,001801030037096672,
122,91320105773971845K,南京信诺工程造价咨询有限责任公司,张修豹,江苏省,001711300040089359,
123,913205832512739199,昆山市中建项目管理有限公司,邹雪忠,江苏省,001706140147052292,
124,913205836933590235,苏州固德建设工程咨询有限公司,陈玉云,江苏省,001706140147052460,
126,91320202785567241N,江苏长江工程造价事务所有限公司,卢海明,江苏省,001711180039087313,
127,913201117541397977,江苏金衡工程项目管理有限公司,童坤,江苏省,001710310038083346,
128,91320582591137593F,张家港润信项目咨询有限公司,施建军,江苏省,001710310038083326,
129,91320281749411207E,江苏恒泰建设工程咨询有限公司,修红斌,江苏省,001706140148054401,
130,9132040272930739XB,江苏中和信工程咨询有限公司,陆夕坤,江苏省,001706140147052663,
131,913203247439443447,徐州宏达房地产评估造价咨询有限公司,王明成,江苏省,001708240037071055,
132,91320411560334308D,常州建瀚工程咨询有限公司,唐红,江苏省,001708240037071046,
133,913200007589889640,江苏海外集团国际工程咨询有限公司,陈亮,江苏省,001708240037071006,
134,913205837424797944,昆山宏新工程管理咨询有限公司,张立新,江苏省,001708240037071005,
135,,南通城建工程项目管理有限公司,羌晓毅,江苏省,001710100038078957,
136,91321203798625738C,江苏润泰工程项目管理咨询有限公司,邵荣庆,江苏省,001706140147053147,
137,913205817301060422,常熟市永拓工程咨询有限公司,戴忠清,江苏省,001706140147052498,
138,91321200783394041T,江苏经纬工程投资造价咨询事务所有限公司,陈稳龙,江苏省,001706140147053032,
139,,苏州秉诚工程造价咨询有限公司,倪倩茹,江苏省,001706140147053009,
140,91320402781267655L,江苏城建校工程咨询有限公司,袁春树,江苏省,001706140149055344,
141,91321183683545965Q,江苏江南工程管理咨询有限公司,王良生,江苏省,001706210036056959,
142,91320000734417980E,江苏紫金山工程咨询有限公司,高昌俊,江苏省,001706210036056957,
143,9132070672442102X4,连云港市博瑞工程咨询有限公司,毛静,江苏省,001706210036056950,
144,913209006896189691,江苏和信工程咨询有限公司,吕立坚,江苏省,001706210036056949,
145,913207036600768792,江苏慧源建设工程咨询有限公司,徐海清,江苏省,001706210036056917,
146,913211817301106907,江苏普惠项目管理有限公司,王国平,江苏省,001706140149055439,
147,91320111756851665C,江苏天诚工程咨询事务所有限公司,杨国庆,江苏省,001706140149055259,
148,,江苏万基工程造价咨询有限公司,王宏斌,江苏省,001706140149054990,
149,,江苏春为项目管理有限公司,蒋春卫,江苏省,001706140149054941,
150,913211007115467472,江苏高智项目管理有限公司,王颂阳,江苏省,001706140149054712,
151,,常州广信造价师事务所有限公司,陈洁华,江苏省,001706140149054586,
152,913204047186389005,常州常申会计师事务所有限公司,荣幸华,江苏省,001707110037061613,
153,91320583727998772U,苏州正信工程造价咨询事务所有限责任公司,高伟强,江苏省,001706140148053548,
154,91320106608967738D,江苏华盛兴伟房地产评估造价咨询有限公司,季永蔚,江苏省,001706140148053496,
155,913204137406999454,江苏信达建设工程咨询有限公司,王月美,江苏省,001707110036061597,
156,913211027720469496,江苏恒信建设工程造价咨询有限公司,范明华,江苏省,001706140148053460,
157,,建业恒安工程管理股份有限公司,徐文珏,江苏省,001706140148053376,
159,,无锡梁信工程造价咨询事务所有限公司,龚宏文,江苏省,001706140147052829,
160,91320411782703308G,常州中瑞工程造价咨询有限公司,邹培兴,江苏省,001706140148053412,
161,,昆山新意建设咨询有限公司,沈国平,江苏省,001706140147052957,
162,913210816720436955,江苏星宇工程咨询管理有限公司,李立新,江苏省,001706140147052946,
163,91320594788379545F,苏州达仁建设工程咨询有限公司,胡仲珠,江苏省,001706140147052937,
164,913204121371996398,常州市新阳光工程咨询有限公司,柳霞,江苏省,001706140147052493,
166,91320282784966881M,江苏恒鸿建设咨询有限公司,瞿学军,江苏省,001706140147052486,
167,91321202783394076A,江苏华强工程投资管理咨询有限公司,马家强,江苏省,001706140147052195,
168,913204137705295686,江苏开天工程咨询有限公司,陆明娣,江苏省,001706140147052192,
169,91320913785594047H,江苏天正工程造价咨询有限公司,唐嵘,江苏省,001706140147052182,
171,,江苏省城投工程管理咨询有限公司,王秋明,江苏省,001706140149055424,
172,,盐城东信造价工程师事务所有限公司,葛永健,江苏省,001706140149055419,
173,,扬州天平工程管理有限公司,魏明来,江苏省,001706140149055412,
174,9132080556297929X0,江苏顺天工程项目管理咨询有限公司,田志伟,江苏省,001706140149055405,
175,91440803194370578L,湛江市中信基建事务所有限公司,梁世浩,江苏省,001706140149054978,
176,91320602784386895U,南通新江海建设项目管理咨询有限公司,张林莉,江苏省,001706140149054633,
177,,江苏诚信工程咨询管理有限公司,花冬虎,江苏省,001706140149054632,
178,,江苏安邦南汇工程咨询有限公司,周俊,江苏省,001706140149054628,
179,91320114768167342T,江苏永和工程造价咨询有限公司,张银涛,江苏省,001706140149054623,
180,91320421784359766R,常州永瑞投资咨询有限公司,吴俭,江苏省,001706140149054609,
181,913205817301069311,常熟市信昌工程造价咨询有限责任公司,陆轶,江苏省,001706140148053556,
182,91320000782717208W,江苏开远工程造价咨询有限公司,陈嘉卉,江苏省,001706140148053555,
184,913200001351771455,江苏交通工程投资咨询有限公司,孙立新,江苏省,001706140148053552,
185,91320602772047714W,江苏爱德信工程项目管理有限公司,邹蜀云,江苏省,001706140148053551,
186,913205097287313834,吴江市建设造价师事务所有限公司,王燕,江苏省,001706140148053550,
187,913204117724728763,江苏广泰工程管理有限公司,刘鸽平,江苏省,001706140148053546,
188,913202136933496775,江苏普信工程项目管理有限公司,李兵,江苏省,001706140148053536,
189,91320505466952134J,苏州新一造价师价格事务所有限公司,顾金妹,江苏省,001706140148053382,
190,91320411784383336D,常州国瑞工程造价咨询有限公司,李兰芳,江苏省,001706140148053378,
191,,常州公诚建设咨询有限公司,丁静梅,江苏省,001706140148053374,
192,91320508137694939E,苏州建设工程招标代理有限公司,葛伟民,江苏省,001706140148053366,
193,91320900754640506E,盐城市建业工程咨询有限公司,童万春,江苏省,001706140147052931,
194,91320585728720721H,苏州恒中造价师事务所有限责任公司,马永忠,江苏省,001706140147052930,
195,,江苏富邦工程造价咨询有限公司,朱成亮,江苏省,001706140147052921,
197,91320803729030589P,淮安市财建工程咨询有限公司,刘建亚,江苏省,001706140147052469,
198,913204117615303727,常州中正建设工程咨询有限公司,邹春梅,江苏省,001706140147052468,
199,913211007833612906,镇江华航工程咨询有限公司,苏益平,江苏省,001706140147052466,
200,9132058374941394X9,昆山信衡土地房地产评估造价咨询有限公司,金林,江苏省,001706140147052465,
202,913200007621307929,江苏骏通建设项目管理咨询有限公司,陈小坚,江苏省,001706140149054603,
203,91320800786330238L,江苏泽豪工程咨询管理有限公司,曹泽豪,江苏省,001706140149054599,
204,9132011577129879XG,南京东兴工程咨询有限公司,施宗根,江苏省,001706140148053531,
205,,无锡城建建设咨询有限公司,殷志春,江苏省,001706140148053529,
206,913200007322519560,江苏大成工程咨询有限公司,季松兰,江苏省,001706140148053524,
207,913208917115879954,江苏永勤工程管理有限公司,朱新华,江苏省,001706140148053517,
208,913203117228243277,江苏中瑞建设项目管理有限公司,石云峰,江苏省,001706140148053516,
209,91320000759451093C,捷宏润安工程顾问有限公司,许捷,江苏省,001706140148053513,
210,,众华嘉诚建设项目管理有限公司,周云霞,江苏省,001706140148053511,
211,,广东精信工程造价咨询有限公司,王金鹏,广东省,001706140148053282,
212,,上海明方复兴工程造价咨询有限公司,陆明,上海市,001706140148053271,
214,,上海审建工程造价咨询有限公司,徐坚,上海市,001706140148053295,
215,,上海新中创工程造价咨询有限公司,徐勇,上海市,001706140148053297,
216,,西藏正鑫达工程咨询有限公司,次央,西藏自治区,001706140148053275,
217,91320113673001649E,江苏钟山工程项目管理有限公司,张建玲,江苏省,001706140148053251,
218,91110108761446357R,北京太和华典工程咨询有限公司,赵闻,北京市,001706140148053253,
219,91110112756048629P,北京坌集信达工程造价咨询事务所,郭振有,北京市,001706140148053261,
220,91350100738030521H,福州信源工程造价咨询有限公司,林碧,福建省,001706140148053280,
221,,江苏志诚工程咨询管理有限公司,杨晨,江苏省,001706140148053283,
222,,福建建龙工程咨询有限公司,李钊明,福建省,001706140148053264,
223,,云南华中工程造价咨询事务所有限公司,倪建华,云南省,001706140148053300,
224,,湖北振兴天润项目管理有限公司,高剑,湖北省,001706140148053301,
225,,北京市建壮咨询有限公司,王国栋,北京市,001706140148053299,
226,913501001581623763,福建省建融工程咨询有限公司,孙晓丹,福建省,001706140148053433,
227,,广东华联建设投资管理股份有限公司,查世伟,广东省,001706140148053400,
228,,北京方瑞工程造价咨询有限公司,刘淑文,北京市,001706140148053407,
229,,北京智信德音工程造价咨询有限公司,陈卫红,北京市,001706140148053317,
231,91130100601300615G,河北芳信工程造价咨询有限公司,董安杰,河北省,001706140148053335,
232,,深圳市宏华明工程造价咨询事务所(特殊普通合伙),温海明,广东省,001706140148053350,
233,,深圳市航招工程造价咨询有限公司,叶海燕,广东省,001706140148053305,
234,91110108746144609G,北京希地环球建设工程顾问有限公司,梅春晖,北京市,001706140148053970,
235,91110102101157971B,北京峡光经济技术咨询有限责任公司,江辉,北京市,001706140148053980,
236,,北京中联环建设工程管理有限公司,王卫星,北京市,001706140148053981,
237,91110108776364020F,达华集团北京建标诚和咨询有限公司,邱岩,北京市,001706140148053964,
238,,浙江求是工程咨询监理有限公司,晏海军,浙江省,001706140148053936,
239,91110108761439157C,中竞发工程管理咨询有限公司,杨剑涛,北京市,001706140148053934,
240,91340100746789116L,安徽安建工程造价有限责任公司,谈林,安徽省,001706140148053937,
241,91440300779856944E,深圳市中建达工程项目管理有限公司,杨学敏,广东省,001706140147052524,
242,91340100784931590H,安徽双泽工程造价咨询有限公司,蒋雅洁,安徽省,001706140147052526,
243,9144030074886823XW,深圳市深水工程造价咨询有限公司,耿东生,广东省,001706140147052528,
244,91450103763065611T,广西建坤工程咨询有限公司,韦彪,广西壮族自治区,001706140147052531,
245,913701037874469964,山东振鲁项目管理有限公司,周爱平,山东省,001706140147052532,
246,91510104684583533Y,成都钟鼎建设工程项目管理有限公司,李湘萍,四川省,001706140147052533,
247,91230103MA18X5ML1F,黑龙江省健源正平工程咨询有限公司,钟庆凤,黑龙江省,001706140147052534,
248,91320507763580277G,苏州公诚建设项目咨询有限公司,张暐,江苏省,001706140147052536,
249,,天津政测工程项目管理有限公司,李梅,天津市,001706140147052961,
250,91510000720822774T,四川天府兴诚建设工程项目管理有限公司,许文琳,四川省,001706140147052962,
251,,内蒙古佳世达工程项目管理有限公司,王丽宁,内蒙古自治区,001706140147052963,
252,9132050675201945X5,苏州市云诚工程投资咨询有限公司,张林喜,江苏省,001706140147052964,
253,913205836657550376,昆山建元项目管理有限公司,卞正华,江苏省,001706140147052965,
254,,广东诚正达工程造价咨询有限责任公司,梁伟建,广东省,001706140147052966,
255,91360125799454432L,江西恒泰工程造价咨询有限责任公司,李茂龙,江西省,001706140147052967,
257,91500105768879171U,重庆龙源建设工程造价有限公司,汪明,重庆市,001706140147052969,
258,,吉林博信海成工程造价咨询有限公司,赵海龙,吉林省,001706140147052970,
259,,江苏捷诚建设项目管理咨询有限公司,蔡建顺,江苏省,001706140147052971,
260,91500105762675960X,重庆天勤建设工程咨询有限公司,张亮,重庆市,001706140147052972,
261,,江西省兴赣建设监理咨询有限公司,柳云浩,江西省,001706140147052973,
262,,重庆中天工程造价咨询有限公司,唐捷,重庆市,001706140147052975,
263,915101057949216442,四川汇丰工程管理有限责任公司,刘明权,四川省,001706140147052976,
264,,济南建招工程咨询有限公司,陈瑞廷,山东省,001706140147052977,
265,91430105794729871D,湖南广联工程项目管理有限公司,唐娓,湖南省,001706140147052978,
266,,广东巨正建设项目管理有限公司,侯平华,广东省,001706140147052979,
267,,扬州筑苑工程招标咨询有限公司,熊萍,江苏省,001706140147052981,
268,,科信建设项目管理有限公司,赵遵民,山东省,001706140147052982,
269,,珠海市公评工程造价咨询有限公司,杨国进,广东省,001706140147052983,
270,91320106765254643Y,南京霄汉工程顾问有限公司,刘娴娴,江苏省,001706140147052984,
271,91120000103062810U,中国铁路设计集团有限公司,刘为群,天津市,001706140148054005,
273,,中国兵器工业规划研究院,俞亚明,北京市,001706140148054003,
274,,重庆金汇工程造价咨询事务所有限责任公司,柯绍烈,重庆市,001706140148054244,
275,91500107790741988X,重庆凯弘工程咨询有限公司,王勇,重庆市,001706140148054254,
276,,中国电力工程顾问集团西北电力设计院有限公司,张满平,陕西省,001706140148054224,
277,91500000787465951Q,重庆信永中和工程管理咨询有限公司,朱涛,重庆市,001706140148054240,
278,,重庆华联工程造价咨询有限责任公司,杨萍,重庆市,001706140148054241,
279,915001077907045036,重庆华西工程造价咨询有限公司,刘军,重庆市,001706140148054233,
280,91500000709433911T,重庆求精工程造价有限责任公司,李小荣,重庆市,001706140148054234,
281,,重庆全成恒浩建设工程咨询有限公司,刘三华,重庆市,001706140148054229,
282,91500103762684496T,重庆天健工程咨询有限公司,刘新权,重庆市,001706140148054230,
283,,重庆中鼎工程造价咨询有限责任公司,王彭果,重庆市,001706140148054258,
284,91500105753094603W,重庆铂码工程咨询有限公司,李萍,重庆市,001706140148054222,
285,,重庆天廷工程咨询有限公司,陈廷模,重庆市,001706140148054219,
286,,北京中宣盛育工程咨询有限公司,徐军,北京市,001706140148054221,
288,91500103747492082M,重庆谛威工程造价咨询有限公司,王家祥,重庆市,001706140148054245,
289,91350100705395751H,福建华益工程造价咨询有限公司,王幼斌,福建省,001706140148054236,
290,914301007722987320,湖南华杰工程咨询有限公司,崔建山,湖南省,001706140148054227,
291,,重庆前进工程咨询有限公司,李祖江,重庆市,001706140148054246,
292,,新疆天意建筑工程造价事务所(有限公司),赵强,新疆维吾尔自治区,001706140148054216,
293,91650100763772551F,新疆正衡工程造价咨询有限公司,静玉涛,新疆维吾尔自治区,001706140148054235,
294,,新疆全统工程造价编审有限公司,王燕,新疆维吾尔自治区,001706140148054239,
295,91500105450424775F,重庆市中平建设工程咨询有限公司,肖莉,重庆市,001706140148054247,
296,91500242709450121D,重庆西征建设工程咨询有限公司,刘宁,重庆市,001706140148054223,
297,,长春金石建元工程咨询有限责任公司,苑竹昌,吉林省,001706140148054214,
298,91220104715315073W,长春求实工程造价咨询有限公司,杨蕾,吉林省,001706140148054256,
299,,吉林瑞成工程招标造价咨询有限公司,董辅文,吉林省,001706140148054215,
301,914301001838609344,中国能源建设集团湖南省电力设计院有限公司,李屹立,湖南省,001706140148054248,
302,,南昌民生工程造价咨询有限公司,刘益民,江西省,001706140148054242,
303,,中国电力工程顾问集团华东电力设计院有限公司,张明光,上海市,001706140148054217,
304,916501027486556560,新疆驰远天合工程造价咨询有限公司,杨军,新疆维吾尔自治区,001706140148054252,
305,,新疆宏正工程造价咨询有限责任事务所,刘钢,新疆维吾尔自治区,001706140148054251,
306,,北京敬业瑞之工程咨询有限公司,徐颖,北京市,001706140148054220,
307,915100007118990753,四川创信工程咨询股份有限公司,阳南,四川省,001706140148054266,
308,9145010371518064XL,广西正德工程造价咨询有限公司,宋黎亚,广西壮族自治区,001706140148054274,
309,,江苏益诚建设工程咨询有限公司,朱恩元,江苏省,001706140148054264,
310,,武汉中南华中建设工程造价咨询有限公司,魏光利,湖北省,001706140148054272,
311,91420106737120111F,湖北九源工程项目管理有限公司,张林春,湖北省,001706140148054286,
313,,湖北永和工程造价咨询有限公司,郭建华,湖北省,001706140148054268,
314,91330621734522748E,浙江明业项目管理有限公司,何关明,浙江省,001706140148054287,
315,911506027438670438,鄂尔多斯市亿泰建设工程造价咨询有限责任公司,刘玉英,内蒙古自治区,001706140149055005,
317,914201027713998739,武汉坤达工程造价咨询有限责任公司,陆晓绚,湖北省,001706140149055008,
318,91420106722062211Y,湖北江源大众工程造价咨询有限公司,张大祖,湖北省,001706140149054999,
319,91330501725867592G,湖州金业建设工程招标代理有限公司,王宪江,浙江省,001706140149054998,
320,,贵州黔惠通工程造价事务有限公司,王明华,贵州省,001706140149055010,
321,91150602686503429U,鄂尔多斯市远瑞工程项目管理有限公司,王占军,内蒙古自治区,001706140149055011,
322,9145010066974014X5,广西翰林工程项目管理有限责任公司,邓德辉,广西壮族自治区,001706140149055009,
323,91520100714374389W,贵州立信工程造价咨询服务有限公司,张再鸿,贵州省,001706140149054991,
324,914201117570292513,湖北安鸿天汇工程咨询有限公司,管维威,湖北省,001706140149055007,
325,91350503733594010A,泉州汇高工程造价咨询有限公司,曾聪明,福建省,001706140149055013,
326,,南京天京建筑工程监理事务所,帅天泉,江苏省,001706140149055012,
327,,徐州方正会计师事务所有限公司,支大佐,江苏省,001706140149055003,
328,,江苏顺悦建设监理有限公司,夏艳玲,江苏省,001706140149055001,
329,91410105753889852Q,河南大明建设工程管理有限公司,胡雪茵,河南省,001706140149055035,
330,91410100785074703T,河南远大建设工程管理有限公司,杨万欣,河南省,001706140149055052,
331,9141010069998791XU,河南信达工程造价咨询有限公司,徐芳,河南省,001706140149055017,
332,,上海子亚工程造价咨询有限公司,牟长利,上海市,001706140149055044,
333,,上海正石工程造价咨询有限公司,康顺年,上海市,001706140149055045,
334,,上海建平工程造价咨询有限公司,孙银海,上海市,001706140149055051,
335,91310118631043146M,上海华融投资咨询中心,郭宝庆,上海市,001706140149055020,
336,9151000075879887XL,四川万锦工程项目管理有限公司,陈昭辉,四川省,001706140149055057,
337,91150105720122524B,内蒙古聚才项目管理咨询有限责任公司,常美华,内蒙古自治区,001706140149055019,
338,91510703756649176N,四川益安工程项目管理有限责任公司,梁隆湘,四川省,001706140149055033,
339,915134007798450063,四川高端建设工程项目管理有限公司,赵青,四川省,001706140149055046,
340,91510100762315092R,四川兴盛建设工程招标造价咨询有限公司,杨秀伦,四川省,001706140149055034,
341,91420106675812883X,湖北建信建设工程咨询有限公司,周洪泉,湖北省,001706140149055054,
342,91530100781686761N,云南坤丰工程造价咨询有限公司,谢云梅,云南省,001706140149055050,
343,91420106730864468X,湖北华中天地国际工程咨询有限公司,梁静,湖北省,001707110037061610,
344,91420100663477272T,武汉市瑞兴项目管理咨询有限公司,吴庆军,湖北省,001706140149055024,
345,91420106722056911U,湖北边际咨询有限责任公司,杨彪,湖北省,001706140149055031,
346,91420800730848695X,湖北天正建设工程咨询有限公司,吴磊华,湖北省,001706140149055037,
347,,湖北中锦腾达工程造价咨询有限公司,张铮,湖北省,001706140149055023,
348,91420115744639261G,湖北建厦工程咨询有限公司,谢青,湖北省,001706140149055053,
349,,南京南咨工程咨询有限公司,程实,江苏省,001706140149055028,
350,91310118756120395Y,上海同大工程咨询有限公司,姚国健,上海市,001706140149055049,
352,91130221750256750C,星原河北项目管理有限公司,冯玉娟,河北省,001706140147052646,
353,91510000754739522T,四川开元工程项目管理咨询有限公司,潘敏,四川省,001706140147052641,
354,914101007538972388,河南兴博工程管理咨询有限公司,周勇,河南省,001706140147052639,
355,911101075513623901,中博信工程造价咨询(北京）有限公司,姜波,北京市,001706140147052660,
356,91331081759098226U,建经投资咨询有限公司,黄志挺,浙江省,001706140147052661,
358,916101317916625871,西安万策工程咨询顾问有限公司,范中东,陕西省,001706140147052688,
359,913308817289191166,浙江中正工程项目管理有限公司,裘晓军,浙江省,001706140147052691,
360,916100007273552326,陕西广达建筑经济事务所有限责任公司,王彦龙,陕西省,001706140147052683,
362,914301037580085919,湖南永信工程项目管理有限公司,胡春林,湖南省,001706140147052679,
363,914301115849183323,湖南精算堂工程项目管理有限公司,霍颖亮,湖南省,001706140147052664,
364,91130294052669582N,唐山明信招标咨询有限公司,王文生,河北省,001706140147052662,
365,,黑龙江新概念企业管理咨询有限公司,黄树强,黑龙江省,001706140147052675,
366,913210037228468090,江苏唯诚建设咨询有限公司,倪俭,江苏省,001706140147052680,
367,91360100756788977E,江西省中弈工程咨询有限公司,于伟,江西省,001706140147052669,
368,91360802746064094L,江西鑫磊工程造价咨询有限公司,毛祖东,江西省,001706140147052695,
369,,新疆华龙建设项目管理咨询有限公司,宁志宏,新疆维吾尔自治区,001706140147052674,
370,9136010071658147X6,江西银信工程造价咨询有限公司,罗来敏,江西省,001706140147052670,
371,91510100754701209H,四川震北工程造价咨询事务所有限责任公司,薛应富,四川省,001706140147052671,
372,91610000719794729K,陕西恒业建设集团有限公司,尚远锋,陕西省,001706140147052681,
373,9143010273677448XM,湖南省天平项目管理有限公司,卓和平,湖南省,001706140147052689,
374,91360100748544606C,江西方正工程监理造价咨询有限公司,李华,江西省,001706140147052690,
375,91441602196982420N,河源市振丰工程造价咨询有限公司,叶立旅,广东省,001706140147052667,
376,91510000759749025E,中盛精诚工程项目管理有限公司,朱甫成,四川省,001706140147052672,
377,91430000616804162R,友谊国际工程咨询有限公司,张海岸,湖南省,001706140147052676,
379,91500000758358186J,重庆和勤工程咨询有限公司,王璞,重庆市,001706140147052693,
380,9133060274772180X3,浙江兴业建设项目管理有限公司,阮木,浙江省,001706140147052685,
381,91340300781089748H,安徽信永中和工程管理咨询有限公司,刘义,安徽省,001706140147052686,
382,91430100444877137A,湖南省建筑设计院有限公司,蒋涤非,湖南省,001706140147052682,
383,912201067645817734,吉林正清和工程项目管理有限公司,张冬梅,吉林省,001706140147052678,
384,91520000214432407B,贵州桦利工程招标造价咨询有限公司,朱利峰,贵州省,001706140147052677,
385,91520100722107993D,贵州智聚招标造价咨询有限公司,张伟国,贵州省,001706140147052694,
386,913301047853004089,杭州豪圣建设项目管理有限公司,罗彪,浙江省,001706140147052712,
390,913101167945309851,上海求是工程造价有限公司,张晓钧,上海市,001706140148053339,
391,9131010675433666XN,上海琳方工程造价咨询有限公司,郑刚,上海市,001706140149054677,
392,91500105798029282G,重庆信通工程造价咨询有限公司,史川,重庆市,001706140149054678,
394,,江苏德道天诚土地房地产评估造价咨询有限公司,胡澄,江苏省,001706140149054681,
395,91110102787520922K,北京华审金建工程造价咨询有限公司,姜伟,北京市,001706140149054682,
396,911405006623845920,山西允智工程造价咨询有限公司,邢陈斌,山西省,001706140149054683,
397,913205087174701063,苏州市永诚建设咨询有限公司,邵益华,江苏省,001706140149054684,
398,91330204316892172D,宁波市斯正项目管理咨询有限公司,吴杰,浙江省,001706140149054685,
400,91340100799833109A,安徽天和建设工程项目管理有限公司,张良林,安徽省,001706140149054687,
401,91330382751162078U,浙江浦发工程项目管理有限公司,钱宝周,浙江省,001706140149054688,
402,913200001347957503,江苏省华厦工程项目管理有限公司,黄烁,江苏省,001706140149054689,
403,91330109255704835A,杭州华厦建筑咨询有限公司,宋建江,浙江省,001706140149054690,
404,9144000066818628XA,广东天华华粤工程造价咨询有限公司,温珍良,广东省,001706140149054691,
406,,福建顺健工程造价咨询有限责任公司,林红,福建省,001706140148053329,
407,91440106726827031G,广州永道工程咨询有限公司,周舜英,广东省,001706140148053328,
409,91110108718781475Y,北京泛华国金工程咨询有限公司,许芳梅,北京市,001706140148053420,
411,91510000762328483T,四川蜀威工程项目管理咨询有限公司,沈序芝,四川省,001706140148053313,
414,914400007657143631,广东恒德晟建设咨询有限公司,侯根会,广东省,001706140148053318,
415,91650100722321818B,新疆新建联项目管理咨询有限公司,王利民,新疆维吾尔自治区,001706140148053399,
418,,深圳市航建工程造价咨询有限公司,陈曼文,广东省,001706140148053418,
419,,艾立特工程管理有限公司,于海志,辽宁省,001706140148053394,
420,,大连零点融垣工程造价咨询有限公司,郑吉庄,辽宁省,001706140148053351,
421,91130108777733553J,河北中企华工程造价咨询有限公司,王顺英,河北省,001706140149055029,
422,9142080077759387X0,湖北鹏诚工程咨询有限公司,罗文富,湖北省,001706140149055030,
424,91130203663669565G,河北天昊工程造价咨询有限公司,赵义平,河北省,001706140149055032,
428,91340700754879605C,铜陵华诚工程咨询有限公司,韩长发,安徽省,001706140149055036,
430,912201057271173141,长春金兴工程造价咨询有限公司,崔井巍,吉林省,001706140149055456,
431,91510000731603083U,四川兴鑫建设工程项目管理有限公司,朱亚萍,四川省,001706140149055457,
432,91650105738366711J,新疆建正工程项目管理咨询有限公司,郑屹,新疆维吾尔自治区,001706140149055458,
433,915101067758211117,四川正沣工程造价咨询事务所有限责任公司,刘雪梅,四川省,001706140149055459,
434,,湖北华凌工程咨询有限公司,张寒璐,湖北省,001706140149055460,
435,913307827696072580,浙江东升工程造价咨询有限公司,张行,浙江省,001706140149055461,
436,91420111735214771A,湖北宏大工程咨询有限公司,金会容,湖北省,001706140149055462,
437,91420106726149269B,湖北岳华工程项目管理有限公司,程念,湖北省,001706140149055463,
439,91330282756258984K,慈溪永敬工程造价咨询有限公司,姜迪雅,浙江省,001706140150055466,
440,9111010875334510XX,北京中海华工程造价咨询有限公司,卢广文,北京市,001706140150055467,
441,913601007511168801,江西浩宇工程咨询有限公司,徐元胜,江西省,001706140150055468,
442,91110102799003017N,北京北卫旭博工程咨询有限公司,罗笑东,北京市,001706140150055470,
443,,陕西兴正工程造价咨询有限公司,刘瑜芬,陕西省,001706140150055471,
444,911101087786325788,北京正略工程咨询有限公司,朱树玉,北京市,001706140150055472,
446,,山西鑫利元工程造价咨询有限公司,栗永丽,山西省,001706140150055474,
447,911401067751573379,山西中天成工程造价咨询有限公司,杨继林,山西省,001706140150055475,
448,911403007011828551,山西嘉盛工程造价咨询有限公司,李蔼春,山西省,001706140150055476,
449,91420500770767873F,中国建设银行股份有限公司三峡分行,林帆,湖北省,001706140150055477,
